番号,5330
名前,유랑의 전사 레이나 반스
呼び名,레이나
;BASE
基礎,0,2500;체력
基礎,1,1500;기력
基礎,5,1500;사정
基礎,10,1500;ムード
基礎,11,1000;理性
基礎,12,1000;怒り
基礎,13,1000;만족
;Talent
素質,0,1;처녀
素質,2,1;성별

素質,10,1;度胸
素質,11,-1;態度
素質,20,1;自制心
素質,23,-1;保守的
素質,25,1;一線越えない
素質,30,1;貞操
素質,33,-1;恥薄い
素質,40,-1;痛みに強い
素質,60,1;자위しやすい
素質,62,1;献身的
素質,70,1;快感応答
素質,72,1;即堕ち

素質,100,1;체형
素質,102,1;V感度
素質,104,1;B感度
素質,117,0;年齢
素質,121,1;가슴사이즈
素質,140,2;외부자（カード作品外）
素質,190,3;땅속성
素質,191,4;전사족

;ABL
能力,0,0;C감각
能力,1,1;V감각
能力,2,0;A감각
能力,3,2;B감각
能力,9,1;친밀
能力,10,0;순종
能力,11,1;욕망
能力,12,2;기교
能力,13,2;奉仕精神
能力,14,0;露出壁
能力,15,2;マゾっ気
能力,16,0;サドっ気
能力,17,0;ＧＬ지향
能力,40,0;清掃技能
能力,41,0;話術技能
能力,42,2;身体能力
能力,43,2;교양
能力,44,0;요리技能

;EXP
;FLAG
フラグ,7,5330;服装
フラグ,311,100;시작위치(これは変えない)

CSTR,등장작품,퀸즈 블레이드
