番号,4417,
名前,날개들의 여왕 티타니아
呼び名,티타니아
;BASE
基礎,0,1300;체력
基礎,1,2000;기력
基礎,5,1500;사정
基礎,10,1500;무드
基礎,11,1000;이성
基礎,12,1000;분노
基礎,13,1000;만족
;Talent
素質,0,1;처녀
素質,2,1;성별
素質,7,1;키스미경험
素質,10,1;배짱
素質,11,-1;素直
素質,12,-1;大人しい
素質,13,1;프라이드高い
素質,25,1;一線越えない
素質,30,1;貞操無頓着
素質,61,-2;汚臭耐性
素質,62,1;献身的
素質,100,0;체형
素質,101,1;C감도
素質,103,1;A감도
素質,104,-1;B감도
素質,117,1;연령
素質,121,2;가슴사이즈
素質,140,2;외부자（カード作品外）
素質,190,5;炎
素質,191,4;戦士
;ABL
能力,0,0;C감각
能力,1,0;V감각
能力,2,0;A감각
能力,3,0;B감각
能力,9,1;친밀
能力,10,0;순종
能力,11,1;욕망
能力,12,1;기교
能力,13,2;봉사정신
能力,14,0;노출壁
能力,15,0;마조끼
能力,16,0;サド끼
能力,17,0;레즈끼
能力,40,2;청소기능
能力,41,1;화술기능
能力,42,2;신체능력
能力,43,0;교양
能力,44,0;요리기능
;EXP
経験,74,20;運動経験
;FLAG
フラグ,7,191;服装
フラグ,311,100;開始位置(これは変えない)

CSTR,등장작품,Shadowverse
