番号,1740,
名前,영도사 창시
呼び名,창시,
;BASE
基礎,0,2000;체력
基礎,1,1000;기력
基礎,5,1500;사정
基礎,10,1500;무드
基礎,11,1000;이성
基礎,12,1000;분노
基礎,13,1000;만족
;Talent
素質,2,1;성별
素質,7,1;키스未経験
素質,10,1;気丈
素質,117,0;연령
素質,23,-1;성적흥미
素質,25,1;一線超えない
素質,30,1;정조観念
素質,33,1;부끄럼쟁이
素質,62,1;헌신적
素質,70,-1;快感반응
素質,100,0;체형
素質,104,1;B감도
素質,108,-2;肌の色
素質,121,0;가슴사이즈
素質,136,1;鼓舞
素質,190,2;闇
素質,191,3;언데드족
;ABL
能力,0,0;C감각
能力,1,0;V감각
能力,2,0;A감각
能力,3,0;B감각
能力,9,1;친밀
能力,10,1;순종
能力,11,0;욕망
能力,12,2;기교
能力,13,0;봉사정신
能力,14,0;露出壁
能力,15,0;마조끼
能力,16,0;새드끼
能力,17,0;ＧＬ지향
能力,40,0;청소기능
能力,41,0;화술기능
能力,42,3;신체능력
能力,43,1;교양
能力,44,2;요리기능
;EXP
経験,22,15;자위経験
;FLAG
フラグ,7,320;服装
フラグ,311,100;시작위치(これは変えない)