番号,2759
名前,노인
呼び名,노인
;BASE
基礎,0,2000;체력
基礎,1,2000;기력
基礎,2,1500;사정
基礎,10,1500;무드
基礎,11,1000;이성
基礎,12,1000;분노
基礎,13,1000;만족
;Talent
素質,0,1;처녀
素質,2,1;성별
素質,7,1;키스미경험
素質,10,1   ;배짱（-1=臆病 1=気丈）
素質,23,1   ;성적흥미（-1=保守的 1=好奇心）
素質,24,1   ;양기／음기（-1=陰気 1=陽気）
素質,40,-1   ;통각（-1=痛みに強い 1=痛みに弱い）
素質,70,1   ;쾌감반응（-1=쾌감の否定 1=쾌감に素直）
素質,117,-1  ;연령（-2=子供 -1=学生 0=若者 1=大人 2=熟年）
素質,121,0  ;가슴사이즈（-3=虚胸 -2=絶壁 -1=貧乳 0=並乳 1=巨乳 2=爆乳 3=ウシ乳）
素質,122,1  ;허벅지사이즈（-1=細腿 0=並 1=太腿 2=肉厚腿 3=太ッ腿）
素質,듀얼리스트
素質,외부자
素質,금단의지식
素質,190,2  ;속성（1=光 2=闇 3=地 4=水 5=炎 6=風 7=神）
;ABL
能力,0,1;Ｃ감각
能力,1,1;Ｖ감각
能力,2,1;Ａ감각
能力,3,1;Ｂ감각
能力,4,1;Ｍ감각
能力,11,1;욕망
能力,42,3;身体能力
;EXP
経験,53,1;異常経験
					
;FLAG
フラグ,7,356;복장
フラグ,311,100;시작위치

CSTR,등장작품,Duel Masters
