番号,5535,
名前,후지와라노 모코우,
呼び名,모코우,

;BASE
基礎,0,2500
基礎,1,1500
基礎,5,1500;사정
基礎,10,1500;무드
基礎,11,1000;이성
基礎,12,1000;분노
基礎,13,1000;만족

;Talent
素質,처녀,1
素質,성별,1
素質,태도,1;反抗的
素質,프라이드,1;프라이드高い
素質,저항,1
素質,도착적,1
素質,성별기호,1;男嫌い
素質,Ａ감도,1;Ａ敏感
素質,술내성,2;酒豪

素質,가슴사이즈,0;巨乳
素質,체형,0;モデル체형
素質,연령,0;연령
素質,속성,5;炎
素質,191,4;戦士
;ABL
能力,0,1;C감각
能力,1,0;V감각
能力,2,0;A감각
能力,3,0;B감각
能力,9,1;친밀
能力,10,0;순종
能力,11,0;욕망
能力,12,0;기교
能力,13,0;봉사정신
能力,14,0;露出壁
能力,15,0;마조끼
能力,16,0;새드끼
能力,17,0;레즈끼
能力,40,0;청소기능
能力,41,1;화술기능
能力,42,3;신체능력
能力,43,1;교양
能力,44,0;요리기능
;EXP

;FLAG
フラグ,7,430;服装
フラグ,311,100;시작위치

CSTR,등장작품,동방Project
