番号,5302,
名前,고양이 귀 마법소녀 캬루,
呼び名,캬루,
;BASE
基礎,0,1500;체력
基礎,1,2400;기력
基礎,5,1500;사정
基礎,10,1500;무드
基礎,11,1000;이성
基礎,12,1000;분노
基礎,13,1000;만족
;Talent
素質,0,1;처녀
素質,2,1;성별
素質,7,1;키스미経験
素質,10,-1;度胸
素質,11,1;態度
素質,12,1;生意気
素質,13,1;プライド高い
素質,14,1;ツンデレ

素質,23,1;好奇心

素質,30,1;정조無頓着
素質,32,1;抵抗
素質,33,1;부끄럼쟁이

素質,40,1;痛覚
素質,41,1;濡れやすさ

素質,50,-1;취득早い
素質,62,1;献身的
素質,70,-1;쾌락の否定
素質,71,-1;중독しやすい,
素質,72,1;即堕ち
素質,81,3;人間不信

素質,100,-1;체형
素質,101,1;C감도
素質,102,1;V감도

素質,117,-1;연령
素質,121,0;가슴사이즈
素質,140,2;외부자（カード作品外）
素質,190,2;闇
素質,191,1;마법사족

;ABL
能力,0,1;C감각
能力,1,1;V감각
能力,2,0;A감각
能力,3,0;B감각
能力,9,0;친밀
能力,10,0;순종
能力,11,3;욕망
能力,12,0;기교
能力,13,0;봉사정신
能力,14,0;노출壁
能力,15,0;마조끼
能力,16,0;새드끼
能力,17,0;ＧＬ지향
能力,40,0;청소기능
能力,41,0;화술기능
能力,42,0;신체능력
能力,43,0;교양
能力,44,0;요리技能
;EXP
;FLAG
フラグ,7,101;服装
フラグ,311,100;시작위치(これは変えない)

CSTR,등장작품,프린세스 커넥트！