番号,5301,
名前,인도하는 무녀 콧코로,
呼び名,콧코로,
;BASE
基礎,0,1200;체력
基礎,1,1000;기력
基礎,5,1500;사정
基礎,10,1500;무드
基礎,11,1000;이성
基礎,12,1000;분노
基礎,13,1000;만족
;Talent
素質,0,1;처녀
素質,2,1;성별
素質,7,1;키스미経験
素質,10,-1;態度
素質,11,-1;態度
素質,12,-1;大人しい
素質,14,-1;デレデレ
素質,26,-1;目立ちたがり
素質,27,1;無知
素質,50,1;習得早い
素質,51,1;器用な指
素質,62,1;献身的

素質,100,-2;체형
素質,102,1;C감도
素質,117,-2;연령
素質,121,0;가슴사이즈
素質,140,2;외부자（カード作品外）
素質,155,1 ;母性
素質,190,5;風
素質,191,12;원소정령족

;ABL
能力,0,1;C감각
能力,1,1;V감각
能力,2,1;A감각
能力,3,1;B감각
能力,4,1;M감각
能力,9,2;친밀
能力,10,0;순종
能力,11,1;욕망
能力,12,1;기교
能力,13,1;봉사정신
能力,14,0;노출壁
能力,15,0;마조끼
能力,16,0;새드끼
能力,17,0;ＧＬ지향
能力,40,1;清掃技能
能力,41,0;話術技能
能力,42,0;신체능력
能力,43,1;교양
能力,44,0;요리技能
;EXP
;FLAG
フラグ,7,171;服装
フラグ,311,100;시작위치(これは変えない)

CSTR,등장작품,프린세스 커넥트！