番号,5382
名前,메구밍
呼び名,메구밍
;BASE
基礎,0,1000;체력
基礎,1,1400;기력
基礎,5,1500;사정
基礎,10,1500;무드
基礎,11,1000;이성
基礎,12,1000;분노
基礎,13,1000;만족
;Talent
素質,0,1;처녀
素質,2,1;성별
素質,7,1;키스未経験
素質,12,1;生意気
素質,13,1;プライド高い
素質,14,1;ツンデレ
素質,23,1;好奇心
素質,24,1;陽気
素質,25,1;一線越えない
素質,26,1;目立ちたがり
素質,50,1;習得早い
素質,51,1;器用な指
素質,144,1;禁断の知識
素質,145,1;人気

素質,100,-1;체형(小柄)
素質,104,1;B感度
素質,105,1;M感度
素質,117,0;若者
素質,121,-2;가슴사이즈(絶壁)
素質,122,-1;太ももサイズ(細い)
素質,128,-1;お尻サイズ(貧尻)
素質,140,2;외부자（カード作品外）
素質,190,5;화염속성
素質,191,1;마법사족

;ABL
能力,0,0;C감각
能力,1,0;V감각
能力,2,0;A감각
能力,3,0;B감각
能力,9,2;친밀
能力,10,0;순종
能力,11,1;욕망
能力,12,1;기교
能力,13,0;봉사정신
能力,14,0;노출증
能力,15,0;마조끼
能力,16,0;サド끼
能力,17,0;ＧＬ指向
能力,40,1;清掃技能
能力,41,2;話術技能
能力,42,0;身体能力
能力,43,2;교양
能力,44,1;料理技能

;EXP
;FLAG
フラグ,7,701;服装
フラグ,311,100;시작위치(これは変えない)

CSTR,등장작품,이 멋진 세계에 축복을！
