番号,5545,
名前,샤메이마루 아야,
呼び名,아야,

;BASE
基礎,0,2000
基礎,1,1400
基礎,5,1500;사정
基礎,10,1500;무드
基礎,11,1000;이성
基礎,12,1000;분노
基礎,13,1000;만족

;Talent
素質,처녀,1
素質,성별,1
素質,키스미경험,1;키스미경험

素質,반응,1;生意気
素質,성적흥미,1;好奇心
素質,자기과시욕,1
素質,자기애,1;解放
素質,통각,-1;痛みに強い
素質,악취내성,1;汚臭鈍感
素質,소악마,1
素質,Ｖ감도,-1;Ｖ鈍感
素質,Ｍ감도,1;Ｍ敏感
素質,술내성,2;酒豪

素質,체형,0
素質,연령,0;연령
素質,가슴사이즈,0;가슴사이즈

素質,속성,6;風
素質,종족,7;비행야수족

;ABL
能力,0,0;C감각
能力,1,0;V감각
能力,2,0;A감각
能力,3,0;B감각
能力,4,2;M감각
能力,9,0;친밀
能力,10,1;순종
能力,11,3;욕망
能力,12,1;기교
能力,13,0;봉사정신
能力,14,0;노출壁
能力,15,0;마조끼
能力,16,0;새드끼
能力,17,0;레즈끼
能力,40,0;청소기능
能力,41,3;화술기능
能力,42,2;신체능력
能力,43,1;교양

;EXP

;FLAG
フラグ,7,151;복장
フラグ,311,100;시작위치

CSTR,등장작품,동방Project
