番号,2630,
名前,아카바 레이지,
呼び名,아카바,
;BASE
基礎,0,3000;체력
基礎,1,2500;기력
基礎,5,1500;사정
基礎,6,1000;精力
基礎,10,1500;무드
基礎,11,1000;이성
基礎,12,1000;분노
基礎,13,1000;만족
;Talent
素質,1,0;동정
素質,2,2;성별
素質,7,1;키스미경험
素質,10,1;태도（気丈
素質,12,-1;반응（-1=大人しい 1=生意気）
素質,21,1;無関心
素質,22,1;感情乏しい
素質,23,-1;保守的
素質,25,1;一線超えない

素質,30,1;정조観念
素質,31,-1;抑圧

素質,40,-1;痛みに強い
素質,50,1;習得속도
素質,51,1;器用な指
素質,53,1;바느질솜씨
素質,62,1;헌신적

素質,100,1;長身
素質,117,-1;연령
素質,131,1;듀얼리스트

素質,190,2;闇
素質,191,9;악마족
素質,250,5;大き目
;ABL
能力,0,0;C감각
能力,1,0;V감각
能力,2,0;A감각
能力,3,0;B감각
能力,9,2;친밀
能力,10,2;순종
能力,11,0;욕망
能力,12,2;기교
能力,13,3;봉사정신
能力,14,0;노출壁
能力,15,0;마조끼
能力,16,0;새드끼
能力,17,0;ＧＬ지향
能力,40,0;청소기능
能力,41,2;화술기능
能力,42,1;신체능력
能力,43,2;교양
能力,44,0;요리技能
;EXP
;FLAG
フラグ,7,1;服装
フラグ,311,100;시작위치(これは変えない)