番号,4261,
名前,스팀메이든 아루림
呼び名,아루림,
;BASE
基礎,0,1000;체력
基礎,1,1500;기력
基礎,5,1500;사정
基礎,10,1500;무드
基礎,11,1000;이성
基礎,12,1000;분노
基礎,13,1000;만족
;Talent
素質,0,1;처녀
素質,2,1;성별
素質,7,1;키스미経験
素質,10,1   ;度胸（-1=臆病 1=気丈）
素質,11,-1   ;態度（-1=素直 1=反抗的）
素質,24,1   ;陽気／陰気（-1=陰気 1=陽気）
素質,26,1   ;自己顕示欲（-1=引っ込み思案 1=目立ちたがり）
素質,117,0;연령
素質,23,1;好奇心
素質,62,1;献身的
素質,100,0;체형
素質,121,1  ;가슴사이즈（-3=虚胸 -2=絶壁 -1=貧乳 0=並乳 1=巨乳 2=爆乳 3=ウシ乳）
素質,140,1;	외부자
素質,190,2  ;속성（1=光 2=闇 3=地 4=水 5=炎 6=風 7=神）
素質,191,5  ;종족
            ;1=마법사족   2=드래곤족    3=언데드족
            ;4=전사족       5=기계족        6=야수족
            ;7=비행야수족       8=비늘야수족        9=악마족
            ;10=천사족      11=곤충족       12=원소정령족
            ;13=식물족      14=사이킥족 15=사이버스족
            ;16=바다생물족      17=미확인족	    18=
            ;19=            20=환신야수족
;ABL
能力,0,0;C감각
能力,1,0;V감각
能力,2,0;A감각
能力,3,2;B감각
能力,9,2;친밀
能力,10,1;순종
能力,11,0;욕망
能力,12,0;기교
能力,13,1;봉사정신
能力,14,0;노출壁
能力,15,1;마조끼
能力,16,0;새드끼
能力,17,0;ＧＬ지향
能力,40,0;清掃技能
能力,41,2;話術技能
能力,42,3;신체능력
能力,43,2;교양
能力,44,0;요리技能
;EXP
;FLAG
フラグ,7,148;服装
フラグ,311,100;시작위치(これは変えない)

CSTR,등장작품,뱅가드