番号,4550,
名前,ＢＢ
呼び名,ＢＢ
;BASE
基礎,0,2000;체력
基礎,1,2500;기력
基礎,5,1500;射精
基礎,10,1500;ムード
基礎,11,1000;理性
基礎,12,1000;怒り
基礎,13,1000;満足
;Talent
素質,0,1;처녀
素質,2,1;성별
素質,7,1;키스未経験

素質,10,1;배짱
素質,12,-1;반응
素質,13,1;프라이드高い
素質,23,1;好奇心
素質,24,1;陽気/陰気
素質,25,1;일선넘지않음
素質,26,1;目立ちたがり
素質,29,1;依存体質
素質,31,1;解放
素質,33,1;恥じらい

素質,50,1;習得早い
素質,62,1;헌신적

素質,144,1;禁断の知識

素質,100,0;체형
素質,117,1;연령
素質,121,2;가슴사이즈
素質,140,2;외부자（カード作品外）
素質,190,1;光
素質,191,15;サイバース族

;ABL
能力,0,0;C感覚
能力,1,0;V感覚
能力,2,0;A感覚
能力,3,1;B感覚
能力,9,2;親密
能力,10,0;従順
能力,11,3;欲望
能力,12,0;技巧
能力,13,0;奉仕精神
能力,14,0;露出癖
能力,15,0;マゾっ気
能力,16,1;サドっ気
能力,17,0;레즈っ気
能力,40,0;清掃技能
能力,41,0;話術技能
能力,42,1;身体能力
能力,43,3;教養
能力,44,0;料理技能
;EXP
;FLAG
フラグ,7,103;服装
フラグ,311,100;開始位置(これは変えない)

CSTR,등장작품,Fate Grand Order

