番号,2201,
名前,루닉의 마술사,
呼び名,마술사님,
;BASE
基礎,0,2000;체력
基礎,1,2000;기력
基礎,5,1500;사정
基礎,10,1500;무드
基礎,11,1000;이성
基礎,12,1000;분노
基礎,13,1000;만족
;Talent
素質,0,1;처녀
素質,2,1;성별
素質,7,1;키스未経験
素質,11,-1;素直
素質,117,0;연령
素質,23,1;好奇心
素質,58,2;酒耐性
素質,62,1;献身的
素質,100,0;체형
素質,101,1;C감도
素質,104,1;B감도
素質,121,1;가슴사이즈
素質,122,2;太ももサイズ
素質,136,1;鼓舞
素質,144,1;禁断の知識
素質,190,4;水
素質,191,1;마법사족

;ABL
能力,0,1;C감각
能力,1,0;V감각
能力,2,0;A감각
能力,3,1;B감각
能力,9,2;친밀
能力,10,1;순종
能力,11,1;욕망
能力,12,1;기교
能力,13,1;봉사정신
能力,14,0;노출壁
能力,15,2;마조끼
能力,16,0;새드끼
能力,17,0;ＧＬ지향
能力,40,1;清掃技能
能力,41,2;話術技能
能力,42,0;신체능력
能力,43,3;교양
能力,44,2;요리技能
;EXP
;FLAG
フラグ,7,171;服装
フラグ,311,100;시작위치(これは変えない)